{"cameraMode":{"drawMode":0,"name":"Shaded","section":"Shading Mode"},"sceneLighting":true,"audioPlay":false,"sceneViewState":{"m_AlwaysRefresh":false,"showFog":true,"showSkybox":true,"showFlares":true,"showImageEffects":true,"showParticleSystems":true,"showVisualEffectGraphs":true,"m_FxEnabled":true},"in2DMode":false,"pivot":{"x":-1.4224556684494019,"y":3.9302871227264406,"z":-1.6135845184326172},"rotation":{"x":-0.23947224020957948,"y":-0.5785101652145386,"z":0.18276940286159516,"w":-0.758022129535675},"size":0.4655683934688568,"orthographic":false}